horizon_bucket,n,wmape,rmse,bias,model_name
15-30,143,0.21177855307395305,793.9288785864002,-0.02978004974014059,gbm_long
31-90,493,0.24748289683702915,899.6020303986027,-0.058614478105308065,gbm_long
91-380,722,0.2212875867391725,844.4629228371257,-0.10240332307092603,gbm_long
