horizon_bucket,n,wmape,rmse,bias,model_name
1-7,131,0.17693674662101885,687.7550831581282,-0.023203900962944002,gbm_short
8-14,133,0.17011914621784988,618.7022094299994,-0.03656973882103853,gbm_short
