horizon_bucket,n,wmape,rmse,bias,model_name
1-7,138,0.1710777959848326,677.7642554914873,-0.017649204537880547,gbm_short
8-14,140,0.16267525394477322,606.4307238918565,-0.03626993728812511,gbm_short
