horizon_bucket,n,wmape,rmse,bias,model_name
15-30,143,0.218428953104178,803.4406520349389,-0.017130333693285538,gbm_long
31-90,493,0.2770555484003545,969.0743005357218,-0.03254763815694228,gbm_long
91-380,722,0.27084286075513747,907.6830002895683,0.004195237253520334,gbm_long
