horizon_bucket,n,wmape,rmse,bias,model_name
1-7,131,0.17316329685935902,697.7359080351538,-0.03983193077916891,gbm_short
8-14,133,0.17231869056292046,641.5765123301197,-0.06646972301012433,gbm_short
