horizon_bucket,n,wmape,rmse,bias,model_name
1-7,131,0.17593754464888953,683.1662947378649,-0.019735247070908124,ensemble
15-30,297,0.2137997792695926,812.2944582780569,-0.009182264367167736,ensemble
31-90,959,0.27136863544059386,941.7848179016108,0.012337035688833042,ensemble
8-14,133,0.1673458237372196,611.4841884636066,-0.03465058114142061,ensemble
91-380,1346,0.270682717328707,902.3904680245581,0.03309803147259016,ensemble
